<?xml version="1.0" encoding="UTF-8"?>
<GenRun Id="synth_1" LaunchPart="xc7a15tftg256-1" LaunchTime="1734053779" LaunchIncrCheckpoint="$PSRCDIR/utils_1/imports/synth_1/AvivFPGA2.dcp">
  <File Type="PA-TCL" Name="AvivFPGA2.tcl"/>
  <File Type="REPORTS-TCL" Name="AvivFPGA2_reports.tcl"/>
  <File Type="RDS-RDS" Name="AvivFPGA2.vds"/>
  <File Type="RDS-UTIL" Name="AvivFPGA2_utilization_synth.rpt"/>
  <File Type="RDS-UTIL-PB" Name="AvivFPGA2_utilization_synth.pb"/>
  <File Type="RDS-DCP" Name="AvivFPGA2.dcp"/>
  <FileSet Name="sources" Type="DesignSrcs" RelSrcDir="$PSRCDIR/sources_1" RelGenDir="$PGENDIR/sources_1">
    <Filter Type="Srcs"/>
    <File Path="$PSRCDIR/sources_1/ip/TestFifo/TestFifo.xci">
      <FileInfo>
        <Attr Name="UsedIn" Val="synthesis"/>
        <Attr Name="UsedIn" Val="implementation"/>
        <Attr Name="UsedIn" Val="simulation"/>
      </FileInfo>
    </File>
    <File Path="$PSRCDIR/sources_1/imports/Program Files/Opal Kelly/FrontPanelUSB/FrontPanelHDL/XEM7001-A15/Vivado-2021/okCoreHarness.v">
      <FileInfo>
        <Attr Name="ImportPath" Val="$PPRDIR/../../../../../../../../../../Program Files/Opal Kelly/FrontPanelUSB/FrontPanelHDL/XEM7001-A15/Vivado-2021/okCoreHarness.v"/>
        <Attr Name="ImportTime" Val="1723147156"/>
        <Attr Name="UsedIn" Val="synthesis"/>
        <Attr Name="UsedIn" Val="implementation"/>
        <Attr Name="UsedIn" Val="simulation"/>
      </FileInfo>
    </File>
    <File Path="$PSRCDIR/sources_1/imports/Program Files/Opal Kelly/FrontPanelUSB/FrontPanelHDL/XEM7001-A15/Vivado-2021/okLibrary.v">
      <FileInfo>
        <Attr Name="ImportPath" Val="$PPRDIR/../../../../../../../../../../Program Files/Opal Kelly/FrontPanelUSB/FrontPanelHDL/XEM7001-A15/Vivado-2021/okLibrary.v"/>
        <Attr Name="ImportTime" Val="1723147156"/>
        <Attr Name="UsedIn" Val="synthesis"/>
        <Attr Name="UsedIn" Val="implementation"/>
        <Attr Name="UsedIn" Val="simulation"/>
      </FileInfo>
    </File>
    <File Path="$PSRCDIR/sources_1/imports/Program Files/Opal Kelly/FrontPanelUSB/FrontPanelHDL/XEM7001-A15/Vivado-2021/okPipeIn.v">
      <FileInfo>
        <Attr Name="ImportPath" Val="$PPRDIR/../../../../../../../../../../Program Files/Opal Kelly/FrontPanelUSB/FrontPanelHDL/XEM7001-A15/Vivado-2021/okPipeIn.v"/>
        <Attr Name="ImportTime" Val="1723147156"/>
        <Attr Name="UsedIn" Val="synthesis"/>
        <Attr Name="UsedIn" Val="implementation"/>
        <Attr Name="UsedIn" Val="simulation"/>
      </FileInfo>
    </File>
    <File Path="$PSRCDIR/sources_1/imports/Program Files/Opal Kelly/FrontPanelUSB/FrontPanelHDL/XEM7001-A15/Vivado-2021/okTriggerIn.v">
      <FileInfo>
        <Attr Name="ImportPath" Val="$PPRDIR/../../../../../../../../../../Program Files/Opal Kelly/FrontPanelUSB/FrontPanelHDL/XEM7001-A15/Vivado-2021/okTriggerIn.v"/>
        <Attr Name="ImportTime" Val="1723147156"/>
        <Attr Name="UsedIn" Val="synthesis"/>
        <Attr Name="UsedIn" Val="implementation"/>
        <Attr Name="UsedIn" Val="simulation"/>
      </FileInfo>
    </File>
    <File Path="$PSRCDIR/sources_1/imports/Program Files/Opal Kelly/FrontPanelUSB/FrontPanelHDL/XEM7001-A15/Vivado-2021/okWireIn.v">
      <FileInfo>
        <Attr Name="ImportPath" Val="$PPRDIR/../../../../../../../../../../Program Files/Opal Kelly/FrontPanelUSB/FrontPanelHDL/XEM7001-A15/Vivado-2021/okWireIn.v"/>
        <Attr Name="ImportTime" Val="1723147156"/>
        <Attr Name="UsedIn" Val="synthesis"/>
        <Attr Name="UsedIn" Val="implementation"/>
        <Attr Name="UsedIn" Val="simulation"/>
      </FileInfo>
    </File>
    <File Path="$PSRCDIR/sources_1/imports/Program Files/Opal Kelly/FrontPanelUSB/FrontPanelHDL/XEM7001-A15/Vivado-2021/okWireOut.v">
      <FileInfo>
        <Attr Name="ImportPath" Val="$PPRDIR/../../../../../../../../../../Program Files/Opal Kelly/FrontPanelUSB/FrontPanelHDL/XEM7001-A15/Vivado-2021/okWireOut.v"/>
        <Attr Name="ImportTime" Val="1723147156"/>
        <Attr Name="UsedIn" Val="synthesis"/>
        <Attr Name="UsedIn" Val="implementation"/>
        <Attr Name="UsedIn" Val="simulation"/>
      </FileInfo>
    </File>
    <File Path="$PSRCDIR/sources_1/imports/Users/Admin/Desktop/NikoFPGA2.v">
      <FileInfo>
        <Attr Name="ImportPath" Val="$PPRDIR/../../../../../../../../Desktop/NikoFPGA2.v"/>
        <Attr Name="ImportTime" Val="1737490942"/>
        <Attr Name="UsedIn" Val="synthesis"/>
        <Attr Name="UsedIn" Val="implementation"/>
        <Attr Name="UsedIn" Val="simulation"/>
      </FileInfo>
    </File>
    <File Path="$PSRCDIR/sources_1/ip/ClockSegmentsFIFO.xcix">
      <FileInfo>
        <Attr Name="UsedIn" Val="synthesis"/>
        <Attr Name="UsedIn" Val="implementation"/>
        <Attr Name="UsedIn" Val="simulation"/>
      </FileInfo>
    </File>
    <File Path="$PSRCDIR/sources_1/ip/ClockSegmentsFIFO/ClockSegmentsFIFO.xci">
      <FileInfo>
        <Attr Name="AutoDisabled" Val="1"/>
        <Attr Name="ImportPath" Val="$PPRDIR/../../../../../../../../UpdatedXEM7001/UpdatedXEM7001.srcs/sources_1/ip/ClockSegmentsFIFO/ClockSegmentsFIFO.xci"/>
        <Attr Name="ImportTime" Val="1731941816"/>
        <Attr Name="UsedIn" Val="synthesis"/>
        <Attr Name="UsedIn" Val="implementation"/>
        <Attr Name="UsedIn" Val="simulation"/>
      </FileInfo>
    </File>
    <Config>
      <Option Name="DesignMode" Val="RTL"/>
      <Option Name="TopModule" Val="AvivFPGA2"/>
      <Option Name="TopAutoSet" Val="TRUE"/>
    </Config>
  </FileSet>
  <FileSet Name="constrs_in" Type="Constrs" RelSrcDir="$PSRCDIR/constrs_1" RelGenDir="$PGENDIR/constrs_1">
    <Filter Type="Constrs"/>
    <File Path="$PSRCDIR/constrs_1/new/xem7001.xdc">
      <FileInfo>
        <Attr Name="UsedIn" Val="synthesis"/>
        <Attr Name="UsedIn" Val="implementation"/>
      </FileInfo>
    </File>
    <Config>
      <Option Name="ConstrsType" Val="XDC"/>
    </Config>
  </FileSet>
  <FileSet Name="utils" Type="Utils" RelSrcDir="$PSRCDIR/utils_1" RelGenDir="$PGENDIR/utils_1">
    <Filter Type="Utils"/>
    <File Path="$PSRCDIR/utils_1/imports/synth_1/AvivFPGA2.dcp">
      <FileInfo>
        <Attr Name="UsedIn" Val="synthesis"/>
        <Attr Name="UsedIn" Val="implementation"/>
        <Attr Name="UsedInSteps" Val="synth_1"/>
        <Attr Name="AutoDcp" Val="1"/>
      </FileInfo>
    </File>
    <Config>
      <Option Name="TopAutoSet" Val="TRUE"/>
    </Config>
  </FileSet>
  <Strategy Version="1" Minor="2">
    <StratHandle Name="Vivado Synthesis Defaults" Flow="Vivado Synthesis 2024"/>
    <Step Id="synth_design"/>
  </Strategy>
</GenRun>
