<?xml version="1.0" encoding="UTF-8"?>
<GenRun Id="impl_1" LaunchPart="xc7a15tftg256-1" LaunchTime="1734053838">
  <File Type="ROUTE-PWR" Name="AvivFPGA2_power_routed.rpt"/>
  <File Type="PA-TCL" Name="AvivFPGA2.tcl"/>
  <File Type="ROUTE-PWR-SUM" Name="AvivFPGA2_power_summary_routed.pb"/>
  <File Type="REPORTS-TCL" Name="AvivFPGA2_reports.tcl"/>
  <File Type="BITSTR-MSK" Name="AvivFPGA2.msk"/>
  <File Type="ROUTE-CLK" Name="AvivFPGA2_clock_utilization_routed.rpt"/>
  <File Type="RDI-RDI" Name="AvivFPGA2.vdi"/>
  <File Type="POSTROUTE-PHYSOPT-BUS-SKEW-PB" Name="AvivFPGA2_bus_skew_postroute_physopted.pb"/>
  <File Type="BG-BIT" Name="AvivFPGA2.bit"/>
  <File Type="BG-DRC" Name="AvivFPGA2.drc"/>
  <File Type="BG-BGN" Name="AvivFPGA2.bgn"/>
  <File Type="BG-BIN" Name="AvivFPGA2.bin"/>
  <File Type="BITSTR-RBT" Name="AvivFPGA2.rbt"/>
  <File Type="BITSTR-NKY" Name="AvivFPGA2.nky"/>
  <File Type="BITSTR-BMM" Name="AvivFPGA2_bd.bmm"/>
  <File Type="BITSTR-MMI" Name="AvivFPGA2.mmi"/>
  <File Type="ROUTE-METHODOLOGY-DRC" Name="AvivFPGA2_methodology_drc_routed.rpt"/>
  <File Type="BITSTR-SYSDEF" Name="AvivFPGA2.sysdef"/>
  <File Type="BITSTR-LTX" Name="debug_nets.ltx"/>
  <File Type="BITSTR-LTX" Name="AvivFPGA2.ltx"/>
  <File Type="WBT-USG" Name="usage_statistics_webtalk.html"/>
  <File Type="OPT-DRC" Name="AvivFPGA2_drc_opted.rpt"/>
  <File Type="OPT-HWDEF" Name="AvivFPGA2.hwdef"/>
  <File Type="PLACE-IO" Name="AvivFPGA2_io_placed.rpt"/>
  <File Type="PLACE-UTIL" Name="AvivFPGA2_utilization_placed.rpt"/>
  <File Type="PLACE-UTIL-PB" Name="AvivFPGA2_utilization_placed.pb"/>
  <File Type="PLACE-CTRL" Name="AvivFPGA2_control_sets_placed.rpt"/>
  <File Type="PLACE-PRE-SIMILARITY" Name="AvivFPGA2_incremental_reuse_pre_placed.rpt"/>
  <File Type="ROUTE-DRC" Name="AvivFPGA2_drc_routed.rpt"/>
  <File Type="ROUTE-DRC-PB" Name="AvivFPGA2_drc_routed.pb"/>
  <File Type="ROUTE-PWR-RPX" Name="AvivFPGA2_power_routed.rpx"/>
  <File Type="ROUTE-STATUS" Name="AvivFPGA2_route_status.rpt"/>
  <File Type="ROUTE-STATUS-PB" Name="AvivFPGA2_route_status.pb"/>
  <File Type="ROUTE-DCP" Name="AvivFPGA2_routed.dcp"/>
  <File Type="ROUTE-ERROR-DCP" Name="AvivFPGA2_routed_error.dcp"/>
  <File Type="ROUTE-BLACKBOX-DCP" Name="AvivFPGA2_routed_bb.dcp"/>
  <File Type="ROUTE-TIMINGSUMMARY" Name="AvivFPGA2_timing_summary_routed.rpt"/>
  <File Type="ROUTE-TIMING-PB" Name="AvivFPGA2_timing_summary_routed.pb"/>
  <File Type="ROUTE-TIMING-RPX" Name="AvivFPGA2_timing_summary_routed.rpx"/>
  <File Type="ROUTE-SIMILARITY" Name="AvivFPGA2_incremental_reuse_routed.rpt"/>
  <File Type="ROUTE-BUS-SKEW" Name="AvivFPGA2_bus_skew_routed.rpt"/>
  <File Type="ROUTE-BUS-SKEW-PB" Name="AvivFPGA2_bus_skew_routed.pb"/>
  <File Type="ROUTE-BUS-SKEW-RPX" Name="AvivFPGA2_bus_skew_routed.rpx"/>
  <File Type="OPT-DCP" Name="AvivFPGA2_opt.dcp"/>
  <File Type="PLACE-DCP" Name="AvivFPGA2_placed.dcp"/>
  <File Type="PWROPT-DCP" Name="AvivFPGA2_pwropt.dcp"/>
  <File Type="POSTPLACE-PWROPT-DCP" Name="AvivFPGA2_postplace_pwropt.dcp"/>
  <File Type="PHYSOPT-DCP" Name="AvivFPGA2_physopt.dcp"/>
  <File Type="POSTROUTE-PHYSOPT-DCP" Name="AvivFPGA2_postroute_physopt.dcp"/>
  <File Type="POSTROUTE-PHYSOPT-BLACKBOX-DCP" Name="AvivFPGA2_postroute_physopt_bb.dcp"/>
  <File Type="POSTROUTE-PHYSOPT-TIMING" Name="AvivFPGA2_timing_summary_postroute_physopted.rpt"/>
  <File Type="POSTROUTE-PHYSOPT-TIMING-PB" Name="AvivFPGA2_timing_summary_postroute_physopted.pb"/>
  <File Type="POSTROUTE-PHYSOPT-TIMING-RPX" Name="AvivFPGA2_timing_summary_postroute_physopted.rpx"/>
  <File Type="POSTROUTE-PHYSOPT-BUS-SKEW" Name="AvivFPGA2_bus_skew_postroute_physopted.rpt"/>
  <File Type="POSTROUTE-PHYSOPT-BUS-SKEW-RPX" Name="AvivFPGA2_bus_skew_postroute_physopted.rpx"/>
  <File Type="ROUTE-METHODOLOGY-DRC-PB" Name="AvivFPGA2_methodology_drc_routed.pb"/>
  <File Type="ROUTE-DRC-RPX" Name="AvivFPGA2_drc_routed.rpx"/>
  <File Type="ROUTE-METHODOLOGY-DRC-RPX" Name="AvivFPGA2_methodology_drc_routed.rpx"/>
  <File Type="PDI-FILE" Name="AvivFPGA2.pdi"/>
  <File Type="BOOT-PDI-FILE" Name="AvivFPGA2_boot.pdi"/>
  <File Type="PL-PDI-FILE" Name="AvivFPGA2_pld.pdi"/>
  <File Type="RCFI_FILE" Name="AvivFPGA2.rcfi"/>
  <File Type="CFI_FILE" Name="AvivFPGA2.cfi"/>
  <File Type="RNPI_FILE" Name="AvivFPGA2.rnpi"/>
  <File Type="NPI_FILE" Name="AvivFPGA2.npi"/>
  <File Type="RBD_FILE" Name="AvivFPGA2.rbd"/>
  <File Type="ROUTE-RQS" Name="AvivFPGA2_routed.rqs"/>
  <File Type="POSTROUTE-PHYSOPT-RQS" Name="AvivFPGA2_postroute_physopted.rqs"/>
  <File Type="ROUTE-RQS-RPT" Name="route_report_qor_suggestions_0.rpt"/>
  <File Type="POSTROUTE-PHYSOPT-RQS-RPT" Name="postroute_physopt_report_qor_suggestions_0.rpt"/>
  <FileSet Name="sources" Type="DesignSrcs" RelSrcDir="$PSRCDIR/sources_1" RelGenDir="$PGENDIR/sources_1">
    <Filter Type="Srcs"/>
    <File Path="$PSRCDIR/sources_1/ip/TestFifo/TestFifo.xci">
      <FileInfo>
        <Attr Name="UsedIn" Val="synthesis"/>
        <Attr Name="UsedIn" Val="implementation"/>
        <Attr Name="UsedIn" Val="simulation"/>
      </FileInfo>
    </File>
    <File Path="$PSRCDIR/sources_1/imports/Program Files/Opal Kelly/FrontPanelUSB/FrontPanelHDL/XEM7001-A15/Vivado-2021/okCoreHarness.v">
      <FileInfo>
        <Attr Name="ImportPath" Val="$PPRDIR/../../../../../../../../../../Program Files/Opal Kelly/FrontPanelUSB/FrontPanelHDL/XEM7001-A15/Vivado-2021/okCoreHarness.v"/>
        <Attr Name="ImportTime" Val="1723147156"/>
        <Attr Name="UsedIn" Val="synthesis"/>
        <Attr Name="UsedIn" Val="implementation"/>
        <Attr Name="UsedIn" Val="simulation"/>
      </FileInfo>
    </File>
    <File Path="$PSRCDIR/sources_1/imports/Program Files/Opal Kelly/FrontPanelUSB/FrontPanelHDL/XEM7001-A15/Vivado-2021/okLibrary.v">
      <FileInfo>
        <Attr Name="ImportPath" Val="$PPRDIR/../../../../../../../../../../Program Files/Opal Kelly/FrontPanelUSB/FrontPanelHDL/XEM7001-A15/Vivado-2021/okLibrary.v"/>
        <Attr Name="ImportTime" Val="1723147156"/>
        <Attr Name="UsedIn" Val="synthesis"/>
        <Attr Name="UsedIn" Val="implementation"/>
        <Attr Name="UsedIn" Val="simulation"/>
      </FileInfo>
    </File>
    <File Path="$PSRCDIR/sources_1/imports/Program Files/Opal Kelly/FrontPanelUSB/FrontPanelHDL/XEM7001-A15/Vivado-2021/okPipeIn.v">
      <FileInfo>
        <Attr Name="ImportPath" Val="$PPRDIR/../../../../../../../../../../Program Files/Opal Kelly/FrontPanelUSB/FrontPanelHDL/XEM7001-A15/Vivado-2021/okPipeIn.v"/>
        <Attr Name="ImportTime" Val="1723147156"/>
        <Attr Name="UsedIn" Val="synthesis"/>
        <Attr Name="UsedIn" Val="implementation"/>
        <Attr Name="UsedIn" Val="simulation"/>
      </FileInfo>
    </File>
    <File Path="$PSRCDIR/sources_1/imports/Program Files/Opal Kelly/FrontPanelUSB/FrontPanelHDL/XEM7001-A15/Vivado-2021/okTriggerIn.v">
      <FileInfo>
        <Attr Name="ImportPath" Val="$PPRDIR/../../../../../../../../../../Program Files/Opal Kelly/FrontPanelUSB/FrontPanelHDL/XEM7001-A15/Vivado-2021/okTriggerIn.v"/>
        <Attr Name="ImportTime" Val="1723147156"/>
        <Attr Name="UsedIn" Val="synthesis"/>
        <Attr Name="UsedIn" Val="implementation"/>
        <Attr Name="UsedIn" Val="simulation"/>
      </FileInfo>
    </File>
    <File Path="$PSRCDIR/sources_1/imports/Program Files/Opal Kelly/FrontPanelUSB/FrontPanelHDL/XEM7001-A15/Vivado-2021/okWireIn.v">
      <FileInfo>
        <Attr Name="ImportPath" Val="$PPRDIR/../../../../../../../../../../Program Files/Opal Kelly/FrontPanelUSB/FrontPanelHDL/XEM7001-A15/Vivado-2021/okWireIn.v"/>
        <Attr Name="ImportTime" Val="1723147156"/>
        <Attr Name="UsedIn" Val="synthesis"/>
        <Attr Name="UsedIn" Val="implementation"/>
        <Attr Name="UsedIn" Val="simulation"/>
      </FileInfo>
    </File>
    <File Path="$PSRCDIR/sources_1/imports/Program Files/Opal Kelly/FrontPanelUSB/FrontPanelHDL/XEM7001-A15/Vivado-2021/okWireOut.v">
      <FileInfo>
        <Attr Name="ImportPath" Val="$PPRDIR/../../../../../../../../../../Program Files/Opal Kelly/FrontPanelUSB/FrontPanelHDL/XEM7001-A15/Vivado-2021/okWireOut.v"/>
        <Attr Name="ImportTime" Val="1723147156"/>
        <Attr Name="UsedIn" Val="synthesis"/>
        <Attr Name="UsedIn" Val="implementation"/>
        <Attr Name="UsedIn" Val="simulation"/>
      </FileInfo>
    </File>
    <File Path="$PSRCDIR/sources_1/imports/Users/Admin/Desktop/NikoFPGA2.v">
      <FileInfo>
        <Attr Name="ImportPath" Val="$PPRDIR/../../../../../../../../Desktop/NikoFPGA2.v"/>
        <Attr Name="ImportTime" Val="1737490942"/>
        <Attr Name="UsedIn" Val="synthesis"/>
        <Attr Name="UsedIn" Val="implementation"/>
        <Attr Name="UsedIn" Val="simulation"/>
      </FileInfo>
    </File>
    <File Path="$PSRCDIR/sources_1/ip/ClockSegmentsFIFO.xcix">
      <FileInfo>
        <Attr Name="UsedIn" Val="synthesis"/>
        <Attr Name="UsedIn" Val="implementation"/>
        <Attr Name="UsedIn" Val="simulation"/>
      </FileInfo>
    </File>
    <File Path="$PSRCDIR/sources_1/ip/ClockSegmentsFIFO/ClockSegmentsFIFO.xci">
      <FileInfo>
        <Attr Name="AutoDisabled" Val="1"/>
        <Attr Name="ImportPath" Val="$PPRDIR/../../../../../../../../UpdatedXEM7001/UpdatedXEM7001.srcs/sources_1/ip/ClockSegmentsFIFO/ClockSegmentsFIFO.xci"/>
        <Attr Name="ImportTime" Val="1731941816"/>
        <Attr Name="UsedIn" Val="synthesis"/>
        <Attr Name="UsedIn" Val="implementation"/>
        <Attr Name="UsedIn" Val="simulation"/>
      </FileInfo>
    </File>
    <Config>
      <Option Name="DesignMode" Val="RTL"/>
      <Option Name="TopModule" Val="AvivFPGA2"/>
      <Option Name="TopAutoSet" Val="TRUE"/>
    </Config>
  </FileSet>
  <FileSet Name="constrs_in" Type="Constrs" RelSrcDir="$PSRCDIR/constrs_1" RelGenDir="$PGENDIR/constrs_1">
    <Filter Type="Constrs"/>
    <File Path="$PSRCDIR/constrs_1/new/xem7001.xdc">
      <FileInfo>
        <Attr Name="UsedIn" Val="synthesis"/>
        <Attr Name="UsedIn" Val="implementation"/>
      </FileInfo>
    </File>
    <Config>
      <Option Name="ConstrsType" Val="XDC"/>
    </Config>
  </FileSet>
  <FileSet Name="utils" Type="Utils" RelSrcDir="$PSRCDIR/utils_1" RelGenDir="$PGENDIR/utils_1">
    <Filter Type="Utils"/>
    <File Path="$PSRCDIR/utils_1/imports/synth_1/AvivFPGA2.dcp">
      <FileInfo>
        <Attr Name="UsedIn" Val="synthesis"/>
        <Attr Name="UsedIn" Val="implementation"/>
        <Attr Name="UsedInSteps" Val="synth_1"/>
        <Attr Name="AutoDcp" Val="1"/>
      </FileInfo>
    </File>
    <Config>
      <Option Name="TopAutoSet" Val="TRUE"/>
    </Config>
  </FileSet>
  <Strategy Version="1" Minor="2">
    <StratHandle Name="Vivado Implementation Defaults" Flow="Vivado Implementation 2024"/>
    <Step Id="init_design"/>
    <Step Id="opt_design"/>
    <Step Id="power_opt_design"/>
    <Step Id="place_design"/>
    <Step Id="post_place_power_opt_design"/>
    <Step Id="phys_opt_design"/>
    <Step Id="route_design"/>
    <Step Id="post_route_phys_opt_design"/>
    <Step Id="write_bitstream"/>
    <Step Id="write_device_image"/>
  </Strategy>
</GenRun>
